<?xml version="1.0" encoding="ISO-8859-1"?>
<!-- Copyright (c) 2015 - 2016, The Linux Foundation. All rights reserved.         -->
<!--                                                                        -->
<!-- Redistribution and use in source and binary forms, with or without     -->
<!-- modification, are permitted provided that the following conditions are -->
<!-- met:                                                                   -->
<!--     * Redistributions of source code must retain the above copyright   -->
<!--       notice, this list of conditions and the following disclaimer.    -->
<!--     * Redistributions in binary form must reproduce the above          -->
<!--       copyright notice, this list of conditions and the following      -->
<!--       disclaimer in the documentation and/or other materials provided  -->
<!--       with the distribution.                                           -->
<!--     * Neither the name of The Linux Foundation nor the names of its    -->
<!--       contributors may be used to endorse or promote products derived  -->
<!--       from this software without specific prior written permission.    -->
<!--                                                                        -->
<!-- THIS SOFTWARE IS PROVIDED "AS IS" AND ANY EXPRESS OR IMPLIED           -->
<!-- WARRANTIES, INCLUDING, BUT NOT LIMITED TO, THE IMPLIED WARRANTIES OF   -->
<!-- MERCHANTABILITY, FITNESS FOR A PARTICULAR PURPOSE AND NON-INFRINGEMENT -->
<!-- ARE DISCLAIMED.  IN NO EVENT SHALL THE COPYRIGHT OWNER OR CONTRIBUTORS -->
<!-- BE LIABLE FOR ANY DIRECT, INDIRECT, INCIDENTAL, SPECIAL, EXEMPLARY, OR -->
<!-- CONSEQUENTIAL DAMAGES (INCLUDING, BUT NOT LIMITED TO, PROCUREMENT OF   -->
<!-- SUBSTITUTE GOODS OR SERVICES; LOSS OF USE, DATA, OR PROFITS; OR        -->
<!-- BUSINESS INTERRUPTION) HOWEVER CAUSED AND ON ANY THEORY OF LIABILITY,  -->
<!-- OR OTHERWISE) ARISING IN ANY WAY OUT OF THE USE OF THIS SOFTWARE, EVEN -->
<!-- IF ADVISED OF THE POSSIBILITY OF SUCH DAMAGE.                          -->
<audio_platform_info>
    <bit_width_configs>
        <device name="SND_DEVICE_OUT_SPEAKER" bit_width="24"/>
    </bit_width_configs>
    <interface_names>
        <device name="AUDIO_DEVICE_IN_BUILTIN_MIC" interface="SLIMBUS_0" codec_type="external"/>
        <device name="AUDIO_DEVICE_IN_BACK_MIC" interface="SLIMBUS_0" codec_type="external"/>
        <device name="AUDIO_DEVICE_IN_BUILTIN_MIC" interface="TERT_MI2S" codec_type="internal"/>
        <device name="AUDIO_DEVICE_IN_BACK_MIC" interface="TERT_MI2S" codec_type="internal"/>
    </interface_names>
    <pcm_ids>
        <usecase name="USECASE_AUDIO_PLAYBACK_OFFLOAD2" type="out" id="24"/>
        <usecase name="USECASE_AUDIO_PLAYBACK_OFFLOAD3" type="out" id="27"/>
        <usecase name="USECASE_AUDIO_PLAYBACK_OFFLOAD4" type="out" id="28"/>
        <usecase name="USECASE_AUDIO_PLAYBACK_OFFLOAD5" type="out" id="29"/>
        <usecase name="USECASE_AUDIO_PLAYBACK_OFFLOAD6" type="out" id="30"/>
        <usecase name="USECASE_AUDIO_PLAYBACK_OFFLOAD7" type="out" id="31"/>
        <usecase name="USECASE_AUDIO_PLAYBACK_OFFLOAD8" type="out" id="32"/>
        <usecase name="USECASE_AUDIO_PLAYBACK_OFFLOAD9" type="out" id="33"/>
        <usecase name="USECASE_VOICEMMODE1_CALL" type="in" id="34"/>
        <usecase name="USECASE_VOICEMMODE1_CALL" type="out" id="34"/>
        <usecase name="USECASE_VOICEMMODE2_CALL" type="in" id="35"/>
        <usecase name="USECASE_VOICEMMODE2_CALL" type="out" id="35"/>
    </pcm_ids>
    <config_params>
        <param key="spkr_1_tz_name" value="wsa881x.0f"/>
        <param key="spkr_2_tz_name" value=""/>
    </config_params>
    <acdb_ids>
        <device name="SND_DEVICE_OUT_SPEAKER_PROTECTED" acdb_id="136"/>
        <device name="SND_DEVICE_OUT_VOICE_SPEAKER_PROTECTED" acdb_id="136"/>
        <device name="SND_DEVICE_OUT_SPEAKER_PROTECTED_VBAT" acdb_id="136"/>
        <device name="SND_DEVICE_OUT_VOICE_SPEAKER_PROTECTED_VBAT" acdb_id="136"/>
        <device name="SND_DEVICE_IN_CAPTURE_VI_FEEDBACK" acdb_id="137"/>

	<device name="SND_DEVICE_IN_SPEAKER_DMIC_AEC_BROADSIDE" acdb_id="121"/>
        <device name="SND_DEVICE_IN_SPEAKER_DMIC_AEC_NS_BROADSIDE" acdb_id="105"/>
        <device name="SND_DEVICE_IN_SPEAKER_DMIC_BROADSIDE" acdb_id="119"/>
        <device name="SND_DEVICE_IN_SPEAKER_DMIC_NS_BROADSIDE" acdb_id="120"/>
        <device name="SND_DEVICE_IN_VOICE_FLUENCE_DMIC_AANC" acdb_id="4"/>
        <device name="SND_DEVICE_OUT_SPEAKER_REVERSE" acdb_id="135"/>
        <device name="SND_DEVICE_OUT_SPEAKER_WSA" acdb_id="14"/>	
        <device name="SND_DEVICE_IN_HANDSET_MIC" acdb_id="8"/>
        <device name="SND_DEVICE_IN_HANDSET_STEREO_DMIC" acdb_id="8"/>

	<!-- new paths for oreo copy from above -->
	<device name="SND_DEVICE_OUT_VOICE_SPEAKER_2_PROTECTED" acdb_id="136"/>
	<device name="SND_DEVICE_OUT_VOICE_SPEAKER_2_PROTECTED_VBAT" acdb_id="136"/>
	<device name="SND_DEVICE_IN_CAPTURE_VI_FEEDBACK_MONO_1" acdb_id="137"/>
	<device name="SND_DEVICE_IN_CAPTURE_VI_FEEDBACK_MONO_2" acdb_id="137"/>

    </acdb_ids>
</audio_platform_info>

